0.18426312577156795	0.5198945246991657	-0.34686102540720093	0.6454973547231584	0.39148106390521625	-0.34230269065925045	0.21017675243672868	0.3694851249456405	-0.22400593935024177	0.39143224699156604	0.3611895165273119	-0.1978619393138659	0.19884279299350013	0.4501607297431853	-0.17787899396249232	0.5290638165814535	0.3781203152168365	-0.1416770691672961	0.24867277769815355	0.5111129468395597	0.008485893608026561	0.3399105114596229	0.5136951818352651	-0.008664140522125222	0.2587220541068487	0.6306468631540029	0.019639740476296057	0.3373430946043559	0.6265204052130383	-0.0022956319541359857	0.2795350672233672	0.2912916711398533	-0.5671513371524355	0.3006914925007593	0.29106921809060227	-0.5639281727018809
0.18426047691277098	0.5207996240683965	-0.3487497759716853	0.6450474006789071	0.3914634436368941	-0.3352308017866952	0.2099779290812356	0.37025260286671774	-0.20444418064185563	0.39143618728433327	0.361190555351121	-0.17336630821228033	0.19797914155891966	0.4510262374367031	-0.17093670368194588	0.5281733402184078	0.3781139361006874	-0.12654167626585286	0.24858821715627402	0.5110177780900684	0.009274443145841358	0.340662875345775	0.5132104456424712	-0.009393689289156877	0.2577748043196543	0.6295325713498255	0.01956567301281861	0.3367804225002016	0.6256945260933469	-0.004454319240591882	0.2804450158561979	0.2923684673649924	-0.5377944963318961	0.301005237868854	0.29187061105455675	-0.5335914279733386
0.1842527283089502	0.5214735014098033	-0.34841631991522676	0.6445958912372589	0.3914475611277989	-0.3290981841938837	0.20982227368014203	0.370818738426481	-0.18919054418802275	0.3914364044155393	0.36118191054889137	-0.1552174485155515	0.19728854298591617	0.4516546130180358	-0.16424698382616051	0.5274122612816947	0.3781114348343442	-0.11503675047840402	0.24853121595723296	0.5109181404113772	0.010106713511049747	0.3412796429225377	0.512797440801348	-0.010180780464517217	0.2570970867361343	0.6286370243344993	0.020080846601298885	0.3363218137196132	0.6250698140689306	-0.005794155935291197	0.28121076737131395	0.29312541229384287	-0.5154595353773663	0.3012788146734238	0.2924323209694455	-0.5105568298271725
0.18423987996010566	0.5219161567233861	-0.3458606572378252	0.6441428263982142	0.3914334163779307	-0.32390483788081603	0.209709786233448	0.3711835316249305	-0.17824502998874314	0.39143289838518447	0.36116358212062316	-0.1434153602236794	0.19677099727448977	0.4520458564871837	-0.15780983439513627	0.5267805797713148	0.37811281141780695	-0.10716229180494952	0.24850177410103041	0.510814033803486	0.01098270470365173	0.3417608141899111	0.5124561673118959	-0.011025414048206245	0.2566889013562885	0.6279602221080239	0.02118526124173688	0.33596726826259093	0.6246462691397898	-0.006315142038233938	0.2818323217687155	0.29356250592640487	-0.5001464542888463	0.3015122229144689	0.2927543478352685	-0.49482437826338305
0.18421580677940746	0.5220169197945371	-0.3405044703256519	0.6435854520116538	0.3914093247481758	-0.32071668761117145	0.20966294904549931	0.3712599532944818	-0.17682007309936354	0.3914220176991965	0.36113832961945336	-0.14555378542059955	0.19646010157607863	0.45207245151201914	-0.15283063976537625	0.526169339815776	0.37811255171185476	-0.10729466023899269	0.2485274409963973	0.5106698842275714	0.012006678751536787	0.3420647751717343	0.5121574941135592	-0.0120377577841282	0.2568036771955946	0.6275439688137605	0.023336706416947517	0.33572811597869534	0.6245100214367826	-0.0055287972070454175	0.28235180037362256	0.29338536659876524	-0.49963626407441675	0.30174876962389285	0.2926126051516762	-0.49435513643991413
0.18419311231090923	0.5219989958263582	-0.33359739610127065	0.6431288548878265	0.39138417300723877	-0.31764737481162686	0.20962733810856243	0.3712103934515093	-0.17299088551884617	0.39140997188431903	0.36109798011325683	-0.14425941237381537	0.19627774684202115	0.45198444525400827	-0.14685950321810598	0.5257966915766402	0.3781173413708099	-0.10583144036077326	0.24854027870155534	0.510557748022534	0.012960392981767665	0.3422815586839406	0.5119626266615735	-0.01298710193839812	0.25684131610961203	0.6272971857161753	0.025510923848265712	0.3355773360956285	0.6244749597140725	-0.00483237804534535	0.2826205733276551	0.2932851711908978	-0.49599615165165534	0.30185782199814226	0.29254119594891886	-0.49086500633330604
0.18418649051870634	0.5219914033299404	-0.32638465932437377	0.6429559787114466	0.39141073255311903	-0.3140611535026916	0.2096115918386552	0.3711913582824528	-0.16821019919145688	0.3914066765989579	0.36105013887087534	-0.14085839759735844	0.19621996084849053	0.45194990436236093	-0.14009802894932893	0.5257680870237809	0.3781490723292036	-0.10244863480329522	0.24854869785762987	0.5105337528955373	0.013594723971826699	0.3424436464196162	0.5119171000662308	-0.01361941138193722	0.25682615382330776	0.6272098535583137	0.027176463178225946	0.3355116304897129	0.624484397116162	-0.0032686374421852355	0.2828107944556647	0.2932412837232864	-0.4919916987419132	0.30193692303839204	0.2924950264749075	-0.4870296972138545
0.18416892630713338	0.5219977867035643	-0.3241862399237499	0.6429972109340492	0.39149866785321946	-0.3125156093211403	0.2096082454635985	0.3711639514991218	-0.16836433751242513	0.3914092509519489	0.36099659261249384	-0.13918909430503856	0.19621898872511742	0.4518866737683617	-0.13910540441672017	0.5259290224029908	0.3782150475751789	-0.10091775975057064	0.24856107788426554	0.5104989381063556	0.01382738041381042	0.342598651136671	0.5118744855835329	-0.013850700775427488	0.25680611672855574	0.6271379959015624	0.028074331847684743	0.3354841981615342	0.6244551823252728	-0.0014475087698970356	0.28299542693864754	0.2931957017807736	-0.49017872271083684	0.30200124638421216	0.29244747474080063	-0.48504429204123395
0.18415028140658435	0.5219937222344538	-0.32727468723342557	0.6431164514450805	0.3917593374138789	-0.31324616358393736	0.20961213182835367	0.37113840948967736	-0.1719154566526414	0.3914119260651728	0.360949177117575	-0.13975750903288534	0.1962798138459525	0.45181040820621343	-0.1430692112162001	0.5260374858265835	0.37834918640908766	-0.1018145048902149	0.2485687377906983	0.5104525146030248	0.013780519055823495	0.34269765445164296	0.511814824172429	-0.013801149136963354	0.2567677923611234	0.6270492559387575	0.028214537937726315	0.33546688443138506	0.6243614412489396	-0.0006243796559006334	0.2831581958702635	0.2931564734095621	-0.4907730321089431	0.302053294011525	0.2924136263983592	-0.48533472702616776
0.18412984127090104	0.5219670619283407	-0.3351288693291803	0.6432303615978789	0.3921895325183871	-0.31791881578309217	0.2096169307118372	0.37110950265611947	-0.18072004332428898	0.3914200138478055	0.36090846004940236	-0.14535881649880192	0.19637302344753643	0.4517288591180532	-0.1521341843264445	0.5261822314489459	0.3785769173077177	-0.1067007563653447	0.24857938857305634	0.5103745574042914	0.013665610126086653	0.3427496878873737	0.5117047400701618	-0.01368437720728773	0.2567236948580971	0.6269571809541616	0.02779791353359111	0.3354531654289793	0.6242411562374665	-0.0011790701440380273	0.28330707408133027	0.29314017579669066	-0.49830503265063003	0.3020979591778349	0.2924027272633146	-0.49265498916308126
0.18411135744480872	0.5219305611792069	-0.34018976773534526	0.6430136107263116	0.39279793557666626	-0.3179919691312883	0.20962029553595057	0.37108825643857346	-0.18321792568479278	0.3913880884647372	0.3608811199665072	-0.1448816451288406	0.19645371536413841	0.4516680325780599	-0.156501237835203	0.5261431137720748	0.37885335939271136	-0.10588115489199054	0.24859478573004423	0.5103187788100474	0.013524709047660951	0.34277502411887784	0.511615043594724	-0.0135402088718755	0.25668798883756017	0.6268879345485147	0.026757758110761663	0.335444102684657	0.6241383637700767	-0.002342780400621928	0.28342193507012886	0.2931164659204939	-0.4989807917958218	0.30213627644947616	0.29239001444407897	-0.4931641746134988
0.18409753058637907	0.5218775385902046	-0.34244296948115055	0.6424812844821389	0.3936036427815758	-0.3160358028752466	0.20962240866252368	0.37106733946573195	-0.1820295871723267	0.3912947177886966	0.3608609594049911	-0.14212054510911315	0.1965409758545105	0.4516096384752368	-0.15708354044528247	0.5255086734181362	0.379168958891006	-0.10222767187016359	0.24860660802750378	0.5102926861672178	0.013360544196551763	0.3427693801266809	0.5115593586649217	-0.013373207345250118	0.25665200324285614	0.6268767742883596	0.025355114823295978	0.335434675216675	0.6240853156362265	-0.003932541938931019	0.28347880215871923	0.293095070691336	-0.4978804432210472	0.3021539804481327	0.2923792387757984	-0.4921275334698817
0.1840972219194686	0.5218059023221338	-0.3397399669601806	0.6416438335464119	0.3944933159010754	-0.3111465686843511	0.20962338149547594	0.3710478629384725	-0.1765545046045668	0.391165817067737	0.36085631875764784	-0.13669358477706012	0.1966316252946855	0.4515653947989149	-0.15265498842511868	0.5245420790853959	0.37954166815394474	-0.09594461924972994	0.24861568780172458	0.5103198715618682	0.013155242871670504	0.34275991292226904	0.511561839353471	-0.013163684911671148	0.256618985107967	0.6268765784445267	0.023857114481784063	0.335428602638699	0.6240671873092656	-0.004497676508479001	0.28351563924834866	0.29307146725200495	-0.4932099069867819	0.30216767248653253	0.2923629879951479	-0.4877023342109865
0.1840841386999404	0.5217413731983733	-0.33818892637888615	0.6407493778637482	0.39561857495989144	-0.3074792850585213	0.20962214753741326	0.3710277875264488	-0.17137127334163316	0.39103585765475346	0.360849574917839	-0.13049182721546726	0.19672150484153217	0.45151937007904086	-0.14883180104550872	0.5235215311958681	0.38000520354225553	-0.0893832846056848	0.24862062008607974	0.5103447522435873	0.012980222347236824	0.34274606477646624	0.5115485503560024	-0.012983574620669805	0.25659696828751355	0.6268161847477872	0.02263959701217358	0.3354264370032722	0.6240180815969198	-0.004648408409030668	0.2835448072070169	0.2930145519120355	-0.4881683275813152	0.30218131059692044	0.292315938643047	-0.48271250582876696
0.1840649687108541	0.5216842634337293	-0.3454692065715792	0.6400758936291653	0.3975971440474195	-0.3159531809034804	0.20960860734894177	0.37101361581257436	-0.17983624764851175	0.3909469147523247	0.36087277247792227	-0.13874004639330373	0.1967977086702984	0.45149154322488	-0.15613121929622842	0.5227879825092501	0.3806522488594058	-0.09560715158780422	0.2486213779165633	0.510277384803409	0.012848953228621264	0.342728973854156	0.5114041226250788	-0.012850039505532818	0.2565785646438601	0.6266923092660455	0.021879745381219062	0.33542078733444236	0.623922929877327	-0.005326522536398403	0.28356508839698086	0.2929463769708363	-0.49944718394960713	0.3021930796759471	0.29225701377505364	-0.49418435210273415
0.18404613790057966	0.5216170293944227	-0.3579851303781785	0.6397872822625301	0.40014472603797946	-0.32968888254392736	0.20958126229899285	0.3710000813007357	-0.19483676552772536	0.3909250994523369	0.36102593654678006	-0.1539346469300135	0.19685244844073355	0.4514756330421996	-0.16909053283078343	0.5227102495375138	0.381601508174624	-0.10865090468100147	0.24861851689361408	0.5101579370952791	0.012685681737604603	0.3427230417728427	0.5112001413390754	-0.012687791582374354	0.2565661484286901	0.6265554115885785	0.021622222537795718	0.3354155804429738	0.6238223541350596	-0.0056190184494924016	0.2835897235643298	0.29288344298090274	-0.5177154569398793	0.30221151170276483	0.2922021604719618	-0.5127416281473073
0.18403039446898883	0.5215350985527043	-0.37167258773531253	0.6397232356525607	0.4029585761683331	-0.3428815092359273	0.20954103980745603	0.370999668325697	-0.20875319341818505	0.3909380989415308	0.3613121722425736	-0.16867221182300945	0.19688996885504056	0.45147319492839666	-0.18162414502529883	0.5230714309783213	0.38280287668818547	-0.1220728786928314	0.2486189965690887	0.5100399028687254	0.012364234997048274	0.3427295542898635	0.5110142628351851	-0.01237069314257021	0.25656227696509604	0.6264462414241977	0.021736568993046185	0.335409923678353	0.6237506554240277	-0.005326537659303067	0.2836023753597625	0.29283295217014516	-0.5343296584628882	0.30221262290364237	0.2921602286043623	-0.5294374028841659
0.18402368823687248	0.5214126166843236	-0.38217558747246183	0.6398096311660044	0.40562979947953026	-0.3492404761768525	0.2094995918728058	0.3709999493190223	-0.21679836795443597	0.3909550891036082	0.3616886706579302	-0.17668649412336818	0.1969482146558309	0.4514628265585221	-0.18970896942274926	0.5233727438109266	0.38416668488865835	-0.12860500386783064	0.24862404025736326	0.5099552869796757	0.011943177364411816	0.3427348676181977	0.510891797996703	-0.011954795746576227	0.25656593129748406	0.6264017990657267	0.021922846280393163	0.3354082377184007	0.6237302592822488	-0.004605371926334645	0.2836092384088609	0.2928090663183305	-0.5430208728426983	0.30220075448354106	0.2921427757967088	-0.5381336779821491
0.18400405205431453	0.5212565575327196	-0.3848955148742315	0.6392435772078382	0.4076838706220902	-0.3453582326571149	0.20947318062895837	0.3710033595561984	-0.21289138495922105	0.3909700796717692	0.3620943427085879	-0.17234058252402729	0.19703017529987168	0.451444547800791	-0.18989293915884847	0.523643016815186	0.38554286247208036	-0.12406606688385927	0.24862792946043485	0.5099237277394253	0.011538045702590836	0.3427405513468246	0.5108510908626378	-0.01155248652434066	0.25656698715119153	0.6263882744879954	0.02116123267582486	0.33540295419238886	0.6237494888759798	-0.004734806516872988	0.2835857385680791	0.2928052587168559	-0.5372508934565956	0.30216085626965494	0.2921402170544581	-0.5323942701021834
0.18396334208193293	0.5210923864727932	-0.3823551819438029	0.638219189076197	0.4092046831335343	-0.33364067049253576	0.20945484581447799	0.3710057621910461	-0.20029145479202284	0.3909815663383124	0.3624466444764821	-0.1584806995732445	0.1971012304226559	0.4513991872469587	-0.18346356352170323	0.523591206187294	0.3867628744670326	-0.11023688884008506	0.24863013128439604	0.5099421626045595	0.011241118645384206	0.3427436976205738	0.5108754237492883	-0.011254622467926578	0.256563818170911	0.6263275373549693	0.019693585644875267	0.33539740102631727	0.623755860896338	-0.005763541286190355	0.2835417829808737	0.2927904242560979	-0.5215994772456944	0.30210904848007947	0.2921258679458075	-0.5168027650742307
0.18390559724399036	0.5209553497178219	-0.38301097353299485	0.6369498400461111	0.41067824335325365	-0.32821326880227975	0.2094365060329439	0.37100731758844313	-0.19609983123484126	0.3909566473393216	0.36270750562349985	-0.15308011145818812	0.19716901225703115	0.4513358303478789	-0.18255355244591137	0.5231628815333051	0.3877444111165549	-0.10262800930511393	0.24865184156667636	0.5099272358985178	0.011102182879334413	0.3427513426258453	0.5108429903075813	-0.011114332425807212	0.2565613757996334	0.6261998925890246	0.018117152597932604	0.33536978704588777	0.6237283888317294	-0.007539184586632825	0.2835079488300144	0.29277626815296376	-0.5166331558000478	0.30207066734631877	0.2921105438754674	-0.511978992394039
0.18384282503809263	0.5208650742258348	-0.3830995148136505	0.6355655250095191	0.41201080878575674	-0.3229092671757655	0.2093998030537652	0.3709973338104432	-0.19351807662418924	0.39088658917517916	0.3629472582113178	-0.14906863016741628	0.1972343219178065	0.4512784523623333	-0.18104081920215076	0.5225090270950684	0.3885965517589027	-0.09613606014422015	0.24868214059443716	0.5099182639803208	0.01105286668808688	0.3427646018209914	0.5108092767851697	-0.011062823369034707	0.25655628385997975	0.6260577184813367	0.01704194343515806	0.3353345834073569	0.6237101072356819	-0.008552037667305702	0.2834947095030832	0.2927622823488147	-0.5137720022882738	0.30206162872768605	0.2920951233023691	-0.5091581344604496
0.1837706274929502	0.5208220765704205	-0.3880586609953929	0.6342354019482935	0.4131692293144411	-0.3229781105404811	0.20934599850858976	0.3709845699015121	-0.19665170354502554	0.3908049549375264	0.36314425581977505	-0.15140491440182652	0.19729874602385944	0.45121966657184454	-0.1831188379299074	0.5216554034323924	0.3893924100058422	-0.09566624072336022	0.24871074798561296	0.509899681522733	0.010956220860992166	0.3427710887931645	0.5107650047256836	-0.010966186633422269	0.25654171052433217	0.6259402604330158	0.016810930112288125	0.33528945985294545	0.6237156305994311	-0.008124592869232103	0.2834881430580504	0.2927479658808029	-0.518376571791513	0.3020582809334712	0.2920801043510439	-0.51360791637784
0.18369447759219593	0.5207854253905164	-0.3949674708502636	0.6332347989082341	0.41430193327722126	-0.3243530804202672	0.20928602204436364	0.3709697638239182	-0.20194032930192507	0.39071274087542607	0.3632895563329972	-0.15510578524498725	0.19737237762837198	0.45116616572652574	-0.18662653721514216	0.5207098779224217	0.39018652126902653	-0.09644993288176407	0.24873744518983948	0.5098694591295155	0.010819254975233766	0.34276820932115853	0.5107091296286814	-0.010829852805251176	0.25652223541623087	0.6258784021650047	0.017020696951519886	0.3352516321908863	0.623746099926177	-0.006603573094166466	0.2834837138652804	0.2927339999448687	-0.5247338414192204	0.3020502726236981	0.29206882346244106	-0.5197853417623615
0.18356621974990495	0.5207648589497524	-0.40128280293373864	0.6322931874366038	0.41548293970880085	-0.3271572220893135	0.20923682124841797	0.3709588604313989	-0.20621820503757127	0.3906404688244777	0.3633886589890437	-0.15846721827983867	0.19745199808052621	0.4511300126711531	-0.19043421887216128	0.5200435405685793	0.3910490260237742	-0.09829613459961763	0.2487544190315975	0.5098277245249071	0.010700242993022722	0.342755925087702	0.5106527010599775	-0.010711882662560266	0.256502783014661	0.6258782659258166	0.017203041574075123	0.33520998415492853	0.6238057471456986	-0.005166629695200499	0.28345018341427775	0.2927227020263674	-0.5299383969534015	0.3020096307709106	0.29205997501100833	-0.5249935558864052
0.18342381077153352	0.5207222274371559	-0.4054581139768876	0.6313548031307407	0.4167880359150118	-0.3286310391766687	0.20917854777404254	0.370947348220008	-0.2080797283422381	0.39059733634903343	0.3634640446731025	-0.15996138538633087	0.19752886536575515	0.45108561714490286	-0.19263575190589555	0.5195280058043348	0.3919640736920496	-0.09878365624518629	0.2487598650512243	0.5097864128294449	0.010616749081583257	0.3427311323937918	0.5106094593093513	-0.010629833942013136	0.2564916908740999	0.6258907318115239	0.017674070916005556	0.3351728873593469	0.6238653915269039	-0.003634768652859967	0.28341172280765736	0.2927121278785526	-0.5327968654178441	0.30196454979124543	0.2920534128234502	-0.5278873131388713
0.1833035406612216	0.5206732182275685	-0.4058838827269421	0.6304621384257367	0.4180909139769421	-0.3288944477126714	0.20910802838348222	0.37094146580923204	-0.20704198380311345	0.3905764789808367	0.3635350352241882	-0.15938193457467226	0.19763238160383145	0.45105354416938087	-0.1914757589499157	0.5191413902101066	0.39282306461107197	-0.09768214928252364	0.24877039875303014	0.5097665644827347	0.010605114379099445	0.3426966241427833	0.5105901672726589	-0.010619890343930048	0.2564688850016823	0.6259520337695172	0.018577770196965777	0.3351292837233773	0.6239205059551062	-0.0022117804091110554	0.28337301952498317	0.292702186675299	-0.5327789386113488	0.30192608066967574	0.29204866573924126	-0.5278680608386088
0.18322323262691512	0.5205865757805964	-0.4041201032343368	0.6297686951501034	0.4192708092076441	-0.3270865863277801	0.20901359333878486	0.37092310474032475	-0.20448374677272085	0.390516580570312	0.3636271485260557	-0.15689313198838928	0.19777922332286849	0.4509990669432144	-0.18829957786060528	0.5187507413682487	0.39350740398679485	-0.09436816189970296	0.2487762165921077	0.5097330354508903	0.010595335492065983	0.3426394661267601	0.5105591104144145	-0.010610370630664494	0.25641895901589185	0.6260253247760595	0.01942084303924017	0.3351280149959385	0.6239142531440376	-0.0012473190987033645	0.28337745581354434	0.2926963000070483	-0.5319234530131026	0.3019320241042548	0.29204788094475176	-0.526882390181224
0.1831809779008231	0.5204919406345916	-0.40323746630123714	0.6289819251923339	0.42034545682725477	-0.3276870648066205	0.208919392455192	0.37090879678726224	-0.20363962295509536	0.39044591642561444	0.3637286765234814	-0.15638597096715667	0.1979381491740546	0.45092527071634964	-0.1865105387710391	0.5183750561305458	0.3940989701520832	-0.09256389240423846	0.2487778699114211	0.5096839240619118	0.01068101743502277	0.34257008632024155	0.5105127578689943	-0.010696936886580227	0.25635295822506876	0.626106923534757	0.02019287769993148	0.3350823223590853	0.6238886061168857	-0.0008408206026832069	0.28344526319276736	0.2926927265666782	-0.5332959634917127	0.30200491490818226	0.2920485493682682	-0.528085671720051
0.18316952671323516	0.5203990538915002	-0.40344032929057194	0.6284441323507405	0.4215495146456222	-0.3316150364421665	0.2088259167614439	0.37090230555761455	-0.20572110584804004	0.3903663839612691	0.36384995352654254	-0.15947350788684128	0.19807983863921408	0.4508628206593653	-0.1863746848844348	0.5180135113852369	0.3947572438489826	-0.09441185210432332	0.2487789328609196	0.5096499323844913	0.010838453214438198	0.3425055614539558	0.5104682559058784	-0.010856813307674167	0.25628997598375614	0.626216176010314	0.021442242765000903	0.33497148042633446	0.6238944047973274	-0.00039905038561084384	0.28354671029817513	0.2926933311280752	-0.5378900709606356	0.30211146530650934	0.2920513323375159	-0.5325535024915427
0.18315033969425032	0.5203433632850651	-0.4050172936348691	0.6282199308985761	0.42289773339316994	-0.33818690975507126	0.2087364281926838	0.3709096965335667	-0.2099219156163081	0.3903001475901834	0.3639699192274187	-0.16523223547708432	0.19817191575254728	0.4508358566533955	-0.1881391831806729	0.5180869897206628	0.3955571112178624	-0.10027897464377547	0.2487800653491703	0.5096470373017451	0.01107243408582041	0.3424636664844697	0.5104430999074667	-0.011095178136158564	0.2562414819285985	0.6263558495612376	0.02312443148167362	0.33478658681824114	0.623994940803165	3.366567588749427e-05	0.28366862734158854	0.29268833852949616	-0.5436799866812574	0.30223379532496153	0.29205186452184423	-0.5384073654810592
0.1831397605793818	0.5203182555380326	-0.4038954902262918	0.6274738737515045	0.42428213216009625	-0.3416062919866474	0.2086333703427089	0.370924288318271	-0.21297861564727072	0.39021062141373075	0.36407066101119656	-0.16939529847531104	0.19820860950719757	0.45085136805261916	-0.18840912764980694	0.517764128389813	0.39639998333794757	-0.10341554312478937	0.24878465561639712	0.5096757099741984	0.011378161919613689	0.34243774555978346	0.5104421292032518	-0.011405829118476034	0.25622071538652713	0.6265023804846269	0.024874479997725733	0.33456711825870356	0.6241740981737777	0.0006675316437308326	0.28379619831130637	0.2926796504429411	-0.5484389520826798	0.30236065529641676	0.2920519652820771	-0.5429806794439047
0.18313780001231617	0.5203263106800264	-0.40080608072735047	0.6262223266419915	0.4253616645222622	-0.3407742466245381	0.208507374638603	0.37094563103857525	-0.2129821053573065	0.39003181883267024	0.3641504616964434	-0.16973921727566504	0.1982098697196871	0.45090488734699463	-0.1860972153288979	0.5166023543902809	0.39708270629247056	-0.1028119481745221	0.24879016762688064	0.5097394699142096	0.011664145759173811	0.34241956614312696	0.5104746392795021	-0.01169553230560962	0.2561948469706946	0.6266770788601471	0.02648453574095455	0.33435957204727923	0.6244056735719958	0.001552009231610491	0.2838844770476934	0.29266905926522774	-0.5489402640433543	0.3024519355524156	0.2920528621900651	-0.5432128253437227
0.18313724937893108	0.520319243272146	-0.39703673266229206	0.6245561015038268	0.4262034382138936	-0.33630966572534493	0.20837613443533592	0.3709576513086049	-0.21035401594071176	0.3897365913504649	0.3642191716602873	-0.16670703887939464	0.19822187650771383	0.4509520133336388	-0.18251976299853565	0.5147378898802262	0.3974759663854329	-0.09849149875697644	0.24879503675869552	0.5097768249965853	0.011835212952324332	0.3423949692930497	0.5104909085092094	-0.01186781660431908	0.2561496865181698	0.626790929408301	0.026761900544876163	0.3342385575884867	0.6245561043421433	0.0011101297346786383	0.28394124053773445	0.29266113184747267	-0.5463190447716489	0.30250933056785967	0.29205842954771877	-0.5403165817260746
0.18314233989942655	0.5203136262439549	-0.39834466576576266	0.6227694664682666	0.427226197151911	-0.33552111472402324	0.20827390395459688	0.37097014132000183	-0.21251718628974203	0.3894116154738838	0.3642611219769435	-0.16817662971360353	0.19823468228181218	0.4510011403333577	-0.18481965788773141	0.5129638030415493	0.39797544479370145	-0.09823783664476311	0.2488034048250745	0.509784233002436	0.011954503932169513	0.34237691334315734	0.5104753318287081	-0.011986797232003448	0.2561062631152927	0.6268346565110348	0.026213752283226897	0.3341643554823741	0.62463638044539	-0.00025457392967793925	0.28396857636315503	0.29265756976036816	-0.5486452664647787	0.30254147733960857	0.29206644637244106	-0.5426265512193956
0.18315091303416675	0.5203112392198476	-0.4037110252039776	0.6214540061496556	0.4284849322977523	-0.33756400289989674	0.20818470560369054	0.3709815839926405	-0.21972177496978232	0.3891537104334153	0.3643293182055158	-0.17381459048816147	0.19824704882644484	0.45106911091577473	-0.1916015119779679	0.5117232430548899	0.3987604720251904	-0.10131392024812252	0.24880909281117594	0.5097790190151763	0.011994997172483386	0.3423683089869366	0.5104444367544996	-0.012026807914177587	0.2560411535558248	0.626851203895751	0.025289135319846036	0.3341081057276047	0.6246572165262136	-0.0019334920327223498	0.2839649702821461	0.2926624474071323	-0.5564338224274775	0.3025452821027667	0.29207622579165887	-0.5506297662144619
0.18316024045149498	0.5203157748494833	-0.4111868469488056	0.6206493179003403	0.4298294442040583	-0.33839616605213735	0.20811363416058692	0.37099006488209707	-0.22831896231288018	0.38900870652425884	0.3643923884346374	-0.17811147300969998	0.19825796286265068	0.4511373993896306	-0.19956917635032123	0.5109574198722843	0.39972130173728604	-0.10375942325308217	0.2488192511456355	0.509798367818197	0.011999856104098624	0.3423689802487694	0.5104168994086133	-0.012031448339777342	0.2559726465316048	0.6268661618232731	0.024258037230798196	0.334067415623438	0.6246997742425833	-0.0033936468867718137	0.2839831511179608	0.29265704892930555	-0.5639235746292846	0.30256441377458143	0.29207988438152155	-0.5582213855925064
0.18317040233385007	0.5203312323206951	-0.4159674630278636	0.6198520915848873	0.43133004648344886	-0.3347433223610835	0.2080523109152205	0.3709968186560134	-0.2334575248616084	0.3889636709576564	0.3644825021425886	-0.17865598911330827	0.19826752160276698	0.4512208217666266	-0.2043785843111221	0.5101921842211772	0.40090756898834623	-0.10212410879986634	0.2488323442992712	0.5098514159520471	0.011968385250795464	0.3423723408154081	0.5104139220146909	-0.012000409974938356	0.2559128503004712	0.6269047231901264	0.023464061674617603	0.3340415472076055	0.6247845150175553	-0.003479549065343151	0.2840164019947963	0.29264273104213556	-0.5674475204376952	0.30259710408392426	0.29207836730139614	-0.5615875720977788
0.183164288600286	0.5203453642981397	-0.41992062755993464	0.6189071819895795	0.4329671377227423	-0.3317528423808872	0.2079914339951108	0.3710089552970163	-0.23707423323676718	0.3889185658523018	0.3645853613104142	-0.17948423680805037	0.19827634521893106	0.45128864617574815	-0.20799044838973468	0.5093096608207343	0.4022269050280256	-0.10069571435451516	0.24885516933032462	0.5098956369218376	0.011913705617189416	0.34237799332255436	0.5103853657132107	-0.011946995476526882	0.2558626972493673	0.6269514276867826	0.022949132358744045	0.3340166154361909	0.6248842903545929	-0.0025173095692436983	0.2841013457093922	0.29261794118654183	-0.5703374005499344	0.30266532443818617	0.29207249198641116	-0.5643299335525154
0.18314343194166832	0.520362340268635	-0.4139110417593096	0.6176872537249616	0.43493368654024067	-0.32203621097973434	0.2079441327424278	0.37102359391394146	-0.23372686122144987	0.3888822808152156	0.3646934954893024	-0.1754573001748041	0.19828432727427725	0.4513525310016817	-0.2036046350286122	0.5080098765236994	0.4034714202086134	-0.09340465884833116	0.248894845445951	0.5099299550056461	0.011843026571330578	0.3423951041130795	0.5103541215260827	-0.011877933517098435	0.2558241429783051	0.6270114580790207	0.022198834766944266	0.33400284250577317	0.6249780200776605	-0.0016167660665121829	0.28422776574180264	0.2925906337442854	-0.5647332895369761	0.30275815441494913	0.2920655735901426	-0.5585393735340667
0.18311581796123882	0.5203806871459602	-0.404207622721082	0.6163707914806551	0.43717266548247596	-0.3116593062877657	0.20791954724561615	0.3710391847860248	-0.23028354062920542	0.3888220077469238	0.36476536166100304	-0.1728138008287976	0.19829183887867713	0.4514011031105408	-0.19767650039423096	0.5065676314490185	0.40472754836082486	-0.08633745390744443	0.24895420244761896	0.509940516381037	0.011770487896033703	0.34242474039395676	0.5103051662445072	-0.011806880301308071	0.25578325419198916	0.6270861795970377	0.021572616217391843	0.3339991555327463	0.6250495030766446	-0.0004996570337208967	0.2843922603698006	0.2925689674559096	-0.5589672497340614	0.30286843010357467	0.2920603028365546	-0.5527313436780661
0.18309013616471076	0.5204035980360853	-0.39120263854662607	0.6151669082187474	0.43934485174360766	-0.300873752151217	0.20789998344012683	0.37104961985633517	-0.22679671574206595	0.38872699794315185	0.3648099360011875	-0.17044651863120863	0.198299037558692	0.45144009022485676	-0.19045925637086247	0.505280196666718	0.40579972806431025	-0.07944578677415853	0.24903963931969253	0.5099247779164999	0.011691167196702398	0.3424731280122487	0.5102544710749675	-0.011729394263100067	0.25572572435651525	0.6271569217954367	0.02042929189545769	0.3339790630908242	0.6250718945548652	6.121963018640181e-05	0.28457165899730885	0.2925595257963455	-0.553998640605382	0.30298327406247477	0.29205872331346805	-0.5477405672981629
0.1830754216228214	0.5204235968135655	-0.37771269111406264	0.6140164732933049	0.44087170135407255	-0.28817018156959917	0.20788770985035684	0.3710509850865321	-0.22094776658784793	0.3886072550501145	0.3648076128391995	-0.16388161906174262	0.19830646117528294	0.45145597344353117	-0.18134522934754704	0.5037752702122646	0.4065354267756147	-0.06973787272969886	0.2491354935225988	0.5099199499402731	0.0115650732602392	0.3425279472555436	0.5102257132530217	-0.01160351586128985	0.25566160111200265	0.6272187857400808	0.017875484723065594	0.33394152493703955	0.6250840141659696	-0.0009504666086286313	0.28472614146414277	0.29255685068312165	-0.5450586875279748	0.30308402861867656	0.2920594896589009	-0.5387563563528519
0.1830700061150961	0.5204491189547952	-0.36792987726983595	0.6128256491252358	0.44176579657055115	-0.2777106151694345	0.20787642470427936	0.3710442795639949	-0.2138981421788535	0.38847651935759075	0.3648083408673607	-0.15622360152857656	0.19831410192307986	0.45146813279106535	-0.17364797776653665	0.5023828461056667	0.407061801070259	-0.06136021816304756	0.24921531691437693	0.5099380924588162	0.011381379727806371	0.3425737491675788	0.5102375461941677	-0.011419158207163932	0.2555987678823019	0.6272641647429698	0.014782892894886799	0.33390845996992957	0.6250915044829963	-0.002542501728471725	0.2848099285647985	0.2925584472361067	-0.534978046303704	0.3031392579986938	0.2920612522533964	-0.52873721860704
0.1830612804208484	0.5204791824022932	-0.36643927863666015	0.6115838828540988	0.44256831776528166	-0.2763491102627348	0.20786347417604373	0.37104002634684274	-0.2110164200975783	0.3883600462050668	0.36481004953384427	-0.1533391546635402	0.1983293997389931	0.4514792873745876	-0.1721495907931102	0.5014395387399768	0.4075240109648026	-0.05991237557360109	0.2493047692946027	0.509971672580356	0.011206535356385376	0.3426291644573214	0.5102461689994452	-0.011243561194056565	0.2555338740348818	0.6272866186641516	0.012029546002546954	0.33383930013293334	0.6250829611505786	-0.004593829732454785	0.28485292054358	0.292560622805641	-0.5313548729533244	0.30317145018350533	0.2920635271640053	-0.5253543938909262
0.18305742669673208	0.5205132961273197	-0.3663882684139981	0.6104018063772296	0.4435948076702303	-0.2765535910924278	0.20785170083954235	0.37103418934912935	-0.20817573581423093	0.3882800936698917	0.3648085069088711	-0.1500253521260762	0.1983527250233152	0.4514972113427665	-0.17133357624212914	0.5006177184127629	0.40803000614756657	-0.05907981505706201	0.24940169850985228	0.5100243914695017	0.011079241654702603	0.34268305557114764	0.5102640589078271	-0.011115632685167458	0.25546656619934827	0.6273199944269094	0.009987008092658869	0.3337564326467971	0.6250975756418142	-0.006682728805268809	0.2848564216068815	0.2925641806352708	-0.5271339274588089	0.30317918601490224	0.2920659936609724	-0.5214314971651353
0.18305075097651724	0.5205632845560713	-0.3673022573902496	0.609064945152828	0.4449170742716111	-0.2777261904307776	0.20783985441639324	0.371046039320174	-0.21003817163762606	0.3882150720982327	0.36480545855703833	-0.151783490464801	0.19838785344646104	0.45153717483793016	-0.17200876204740445	0.4998926435198106	0.40868348167056157	-0.06107442453503613	0.2494893670082094	0.510091792969477	0.011017128026911198	0.34275530207724825	0.5102885138420835	-0.01105372230744079	0.25537459623245984	0.6274095035734635	0.009241974823886447	0.3336463556403208	0.6251301737058734	-0.00767467138800948	0.28485559139932926	0.29256571758361105	-0.5290450737589886	0.30318212083407836	0.29206667627607097	-0.5235891654377895
0.18304735280218593	0.5206245723224825	-0.36840253642627196	0.6075342354320349	0.4463635995274502	-0.2812675138314567	0.2078278589816322	0.3710683186848961	-0.2148321781839645	0.3881162390822459	0.36479840250242346	-0.1578832148086458	0.1984273798408964	0.4515905039651057	-0.17387937860829503	0.4993891105765392	0.4094828764597578	-0.06610667049175221	0.24957695887202325	0.5101765110379177	0.011043847095043894	0.34285511147408276	0.510317322753725	-0.011082400257388759	0.2552938205855235	0.6275151173273726	0.009553556596594204	0.3335093586217792	0.6251929090136579	-0.008272571200948393	0.2848615575404396	0.2925656196616947	-0.5359860772178291	0.303189970198132	0.2920669203712829	-0.530728814147768
0.1830655300901051	0.52068042755127	-0.3690997163454694	0.6060891492026197	0.44786904397464966	-0.28512776039895577	0.20781631767749803	0.3710957453364421	-0.2207094345773971	0.38803438345591257	0.36479441324869816	-0.16589607014542546	0.19847044632548394	0.45164631378083037	-0.17571159487678906	0.4990050735927767	0.41047726642517846	-0.07190862227053875	0.24963370817048225	0.5102624467441017	0.011099638328665788	0.34297340398743065	0.5103447806267515	-0.011141345791873486	0.2552264914626169	0.6276245826766609	0.009703037949899839	0.3333491030193513	0.6252691745758061	-0.009279411707428246	0.2848618172463919	0.29256400465965293	-0.5445602536201481	0.30319590795607815	0.2920658446493605	-0.5395747593470985
0.1830889007874899	0.5207229937825888	-0.36882946179026677	0.6043013050442654	0.44908669874781687	-0.2891407154855276	0.20780708392461156	0.3711206813653313	-0.22506818459147512	0.3879208124819259	0.3647869598297848	-0.17322366933027916	0.19851425999686845	0.4516916743346626	-0.17592425360566105	0.49849211034320684	0.41144438584645615	-0.07679141703106114	0.2496574350765775	0.5103339467729845	0.011165934082652849	0.3430784855570115	0.5103654378936409	-0.01121062621296872	0.255188020921889	0.6276987422080271	0.00963980061489912	0.3332251579988573	0.6253387473878411	-0.010319924248116365	0.2848617732524874	0.29256512295632153	-0.5533962448438012	0.30320181023506915	0.2920710203193485	-0.5485728297914781
0.18311966175124772	0.5207557621456331	-0.36633122534978985	0.6023228083338061	0.45031551378113915	-0.291551314649128	0.2077990727765221	0.3711414961587818	-0.22410702279635852	0.38779956386202885	0.3647827960195998	-0.17452156898521254	0.19856936307180512	0.4517246640863876	-0.1733974935043427	0.49800530785606056	0.41225220050130607	-0.07821800134011683	0.24967579827422207	0.510408407165891	0.01121702967655092	0.34316815223012676	0.5103937387466435	-0.011264500474291197	0.25516200065612815	0.6277420520782475	0.009686754484261793	0.3331233461697899	0.625397364298503	-0.010925262456848515	0.28485807776451133	0.2925688113485066	-0.5544253644489111	0.3032046187491646	0.29208047191302	-0.5496340961683368
0.18315197882198164	0.5207707598095852	-0.3602510889371239	0.6000698492640545	0.45132813851038645	-0.29122353309676785	0.2077917378573192	0.3711510045187817	-0.21640576564130343	0.38765532345998877	0.36477973205702674	-0.1677271120605016	0.19862862995692676	0.45173347563970684	-0.16617372844900416	0.49767494627407655	0.41288293259484454	-0.07404999275292674	0.24969231940451142	0.5104589831261411	0.01124411918932484	0.3432125080199471	0.510404623690106	-0.011292790861002044	0.2551480105945044	0.6277574612980802	0.008765786730994787	0.3330752934728352	0.6254459108625143	-0.011828199871594006	0.2848578535375143	0.2925809309596109	-0.5459643006324771	0.3032127221425377	0.29210159324464363	-0.5410828675542563
0.18317019087927694	0.5207815227054418	-0.3549800827389674	0.5980214703650706	0.45243278287705957	-0.28806163299651394	0.20778491596380885	0.3711649477481845	-0.20982126111076005	0.38749628549530424	0.36477830722218496	-0.1611507506597611	0.19868145528293807	0.4517357831909546	-0.16045796871185314	0.4975906468573074	0.41337262732642066	-0.06969458095374567	0.24970529051054108	0.5104797709555857	0.011184560711539934	0.34322151399794104	0.5103931937898911	-0.011235340941874762	0.2551239558628629	0.6277800883565634	0.007536308884265882	0.33306300214358764	0.6254775807971051	-0.012153917080944501	0.2848608209973292	0.2925938240119391	-0.537676680655707	0.30322659441403	0.29212395208222547	-0.5326122073900136
0.18317424044722616	0.520790449210576	-0.34875629345576	0.595861170973097	0.4535418465023952	-0.28289988211223077	0.2077777144454776	0.3711826574234738	-0.20236642871584226	0.3873212252344407	0.3647747650032954	-0.1536011326880683	0.19871868406023313	0.451739365146274	-0.15386294750940244	0.4972967959585648	0.41375174266951453	-0.06329809058280222	0.24972614575000057	0.5104892594473707	0.011125585463430208	0.3432306590534394	0.5103630082947871	-0.01117848635961613	0.25509917310306024	0.6277963632629036	0.005878461280926357	0.33306030290467425	0.6255065940675286	-0.013237446856995433	0.2848666026478724	0.2926069923809599	-0.5287229021390283	0.3032431389604298	0.2921461079801834	-0.5234973515783041
0.18318188261418128	0.5207987654776804	-0.3457037778127764	0.593740664777302	0.4550816104525615	-0.2772985923857918	0.20777208464486274	0.371204760812578	-0.19998478534675793	0.38719640175501535	0.3647840164956595	-0.15033387924943664	0.19876543396995194	0.4517450176534202	-0.15124973938578662	0.4966262593155819	0.4141791562239332	-0.05864866290773668	0.2497491772685734	0.5104786356290185	0.011023429222404964	0.3432769846348538	0.5103172461191816	-0.011078560724854478	0.25507156338010534	0.6278016879445036	0.004346626174256452	0.33305131395657883	0.6255239702406388	-0.014005283514658618	0.28487250066938874	0.29261562795866125	-0.5259151089759104	0.3032591413883938	0.29216150017011755	-0.5205688959076294
0.1831867411023096	0.5208044733319968	-0.3457777400811516	0.5914383672532586	0.45666978472755104	-0.2738328505130043	0.2077716141939165	0.371239313057491	-0.20113004247347527	0.3871073041643418	0.36480891136896065	-0.15068182136331298	0.1988207101821901	0.4517563141527633	-0.15096069730463496	0.4955372625873206	0.4145973040944057	-0.05606776475906376	0.24977674938383573	0.5104525628544039	0.010887759737670429	0.3433511257171633	0.5102675642286032	-0.010945532204849388	0.2550479287192937	0.6278147101402287	0.0027882215174377936	0.33304989337921165	0.6255315740903223	-0.014906151397597232	0.28488460041227814	0.29262736439704917	-0.5296004159109937	0.30327730945178466	0.29218180974324565	-0.5242024716876805
0.183194045509611	0.5208117734818236	-0.3399509461153124	0.5890671837897532	0.45815273267882245	-0.2708755873498464	0.20777639179002688	0.3712861807573412	-0.19626961719422126	0.38706537371590055	0.36488736385390896	-0.14783242557730003	0.19888195821217142	0.4517716495763691	-0.14405789545604172	0.49407838214011457	0.41501864223253193	-0.052386889855066975	0.24981213183630097	0.5104231635729476	0.010847782317016814	0.34345543952215307	0.51022972379412	-0.010904414667969667	0.25502318995339546	0.6278573501677744	0.0014843356631380252	0.3330696537381129	0.625591187250047	-0.016174817236051686	0.2848757689907439	0.292636268195652	-0.5267445445060734	0.3032731811205548	0.2921976376147499	-0.5215138438202089
0.18319770693779003	0.5208217842238294	-0.3297017060575034	0.5863147974014287	0.4592144900844214	-0.2673087049098244	0.2077847137337641	0.3713446770395554	-0.1864179372787477	0.3870514475163962	0.3650222321351372	-0.14084593242123022	0.19894963077136463	0.45180417810167617	-0.1317468306847982	0.4923269110066554	0.41548810828299776	-0.0458482812557902	0.2498299039545515	0.5104183980396819	0.010888430689062398	0.34356993436813377	0.5102108177684606	-0.010939336115760472	0.25501496025494186	0.6279301132474631	1.140739792996698e-05	0.33310777516592144	0.6256913826579145	-0.01805685509351039	0.2848507222675144	0.2926628788312278	-0.5186211665471399	0.3032523422014148	0.29222677435193767	-0.5136098904269086
0.18321029841899883	0.5208318432172143	-0.3218350282737189	0.5840804037593663	0.46051506911005324	-0.2634737647715071	0.20778955235367744	0.37139732638994877	-0.17688698569933586	0.3870379002321337	0.36521175503730796	-0.13402980991772254	0.19900318980216997	0.4518408817904339	-0.12245037051893425	0.4909132562932518	0.4162454037439258	-0.04097965785435271	0.24988208427315686	0.5104362879480638	0.010951526906518717	0.3436824381351473	0.5102085896900725	-0.010996538391780292	0.254990400302978	0.6280431719053363	-0.0006952975350681564	0.3331643470696043	0.6258173017274771	-0.018554362734513635	0.28482598775909085	0.292692610195705	-0.5088661909103398	0.30323192619142103	0.2922544238113224	-0.504228899876277
0.18322703526133594	0.5208418653124859	-0.31735694550332594	0.5823399112338116	0.46195359031359384	-0.25850539619014395	0.2077944165184386	0.37143518385433044	-0.1705372298047657	0.38701628645261155	0.3653898267518909	-0.12899682706310645	0.19903085416271588	0.4518817095529469	-0.11723668021815173	0.4897004195622039	0.4171252676418853	-0.036900711201486164	0.24996325941312902	0.5104686163720634	0.01103728175872849	0.3437875197047281	0.5102086521330338	-0.011076639184639575	0.25493408952440555	0.6281911532084152	-0.0008967517713331513	0.3332362898758482	0.6259327729543055	-0.017950897060689485	0.28480821564084025	0.29272022417613464	-0.5011748955363323	0.30321637647492566	0.2922766506671908	-0.4968020617961887
0.18324585046087005	0.5208487680980141	-0.3182408880619778	0.5807642028445293	0.46352898223059547	-0.2534419979367939	0.20780118022646238	0.3714529730024795	-0.16997296114762636	0.3869886483464925	0.36552692027319067	-0.12784343957901012	0.1990567090965454	0.4519047382332033	-0.11819539822283254	0.4886007748899009	0.4179825243495763	-0.034384284168481855	0.2500392631405878	0.5104958698863078	0.011069042164654968	0.3438624739646914	0.5101987180255712	-0.011104622367946883	0.25484602082343344	0.628323648657118	-0.0007742984207219539	0.33333547768138727	0.6260060809907464	-0.01638567199309668	0.2848037736756463	0.29274122346015224	-0.49868208737600456	0.3032152212801436	0.2922910948594413	-0.4943597529615678
0.18326265968027583	0.5208553927285334	-0.3235072294871015	0.5794630675088795	0.4651784570444201	-0.24777510052635573	0.20781149892579956	0.3714581515107839	-0.1743462561141878	0.3869588119643078	0.3656171077773687	-0.12971728969187973	0.19909174030735394	0.45190164588746606	-0.12352692513238825	0.48768366092727333	0.4186306382928579	-0.03349197957487336	0.25011742824599875	0.5105129338446122	0.011026150813060156	0.34391684759230867	0.510172974495661	-0.011061218611541256	0.25475335688818085	0.6284181787854154	-0.0006920524673270333	0.33344934525943964	0.6260176017170865	-0.014694535040429672	0.28482485527084006	0.29276503409658183	-0.5032997188113988	0.30324150692848956	0.29231183869498134	-0.4988375746068504
0.18327260088352942	0.5208556027639484	-0.3251027223609745	0.5783373401278544	0.46668018755458684	-0.24274356521311274	0.2078228060688293	0.37145609656969736	-0.17892035203320653	0.38692231973012314	0.3656731517541979	-0.13292084492388234	0.19913492174375638	0.4518476114386607	-0.12576729768798475	0.486830545323236	0.4190763689222793	-0.033012024348690425	0.25019978909265445	0.5104972862062004	0.010963008783402905	0.3439704392637528	0.5101197617394588	-0.01099813099773158	0.25467976360093997	0.6284755383219043	-0.000759298257651695	0.3335684168906441	0.6260258527029132	-0.012618036785473435	0.28484234781492346	0.2927840238525756	-0.5105085231008988	0.30326813743228026	0.2923300095966886	-0.50598684946696
0.18326891816797725	0.5208590541567125	-0.3255949290025804	0.576876024405162	0.46832219901539063	-0.23774242259207246	0.20784539977709465	0.37145776691890925	-0.18336415716579996	0.38692170097714407	0.3657463420005075	-0.13562923882688804	0.19920155476956156	0.4517805391833899	-0.12681150436401376	0.4857366113435658	0.41963025076048743	-0.03195112198591235	0.2502563893795015	0.5104807161149528	0.010794064251794709	0.344028657390958	0.5100698612985161	-0.010829879370118898	0.25465031748726275	0.6285070947238381	-0.0010745010444051816	0.33369026581446354	0.6260192394256596	-0.010936654233817197	0.2848511565299263	0.2928070099580858	-0.5178372235525226	0.30328664609364125	0.29235247203281967	-0.5132976656868348
0.1832649729081564	0.5208658065114706	-0.32595709533918493	0.5753849319049295	0.47024239102999404	-0.2342224965492886	0.20787617989948834	0.37146162844839575	-0.18757047610623512	0.3869262479600455	0.36585596203804044	-0.1393340322233383	0.19927383249714276	0.4517193493388951	-0.12767817825078973	0.48465271790822384	0.42036971166020376	-0.03161807819491343	0.2503616526013331	0.5104583445049471	0.0106141000453915	0.3441302038374404	0.5100289015542897	-0.010651427188089924	0.25464165068808076	0.6285355289777125	-0.0009994761674620573	0.3338361836615065	0.6260354717572535	-0.007998140282108499	0.2848591861270725	0.29282454933439	-0.524216331186749	0.30330250660578434	0.29237003979228815	-0.5198306781905042
0.1832641668262937	0.5208723403158646	-0.32749776471228853	0.5735480700220384	0.4721849887144001	-0.23298389216264104	0.20792227983474748	0.37146238911719576	-0.19317828118801134	0.3869616744064152	0.3659796629633225	-0.14472135404745748	0.19937635603405193	0.45167792269161805	-0.13022117671512431	0.48356079061826107	0.42125016167050344	-0.03235118729727611	0.2504845658938092	0.510434931232816	0.01035803627400172	0.3442500886462986	0.5100055734316512	-0.010399459595126772	0.25463152499426	0.6285832808131269	-0.00047366701099755556	0.33398864950452556	0.626079482691629	-0.0038711546776106697	0.2848627411183859	0.2928328116734825	-0.5307315275782635	0.30330917948768277	0.29237871226810297	-0.526504667032333
0.18326706332819814	0.5208830861818227	-0.3289557482515065	0.5713978069169185	0.4739886990615303	-0.23478086718491162	0.207990212809472	0.3714592641308197	-0.19923495749632533	0.3870745783760437	0.3661199637821745	-0.15169349170866478	0.19949982421738777	0.451662673836663	-0.13382281717799968	0.48221871114912523	0.4222771596340909	-0.03536878685866086	0.2505930009342377	0.5104265809059146	0.01006595165069615	0.3443702147120523	0.5100084344546003	-0.010115134928907674	0.2546137003671557	0.6286452497754783	0.000429248293152168	0.3341447710990908	0.6261518001556401	0.0005197684818302241	0.2848607159796217	0.2928367271309809	-0.5357040507452833	0.3033097443126499	0.29238122133981637	-0.5317133551552187
0.18327525399980105	0.5208956911450344	-0.3306246981734324	0.5692536348388313	0.47564311254592206	-0.23482540320782452	0.20806722342968	0.3714538926169989	-0.20597110901560117	0.3872385649454029	0.3663057699089961	-0.15932935760134753	0.19963213162762794	0.4516678055127465	-0.13893737963267744	0.48076746577308327	0.42325428837821627	-0.04014053479546595	0.2506923221406484	0.5104396797361832	0.009705713151821074	0.34449628705070157	0.510028509866624	-0.009767660161569013	0.2545975318976813	0.6286954908143911	0.0016933822078585995	0.33427332696460565	0.626223016352881	0.004603547737046725	0.2848575228736516	0.29284159342447935	-0.5410099824269616	0.3033101643834798	0.29238368216015065	-0.5372323933101839
0.18328652282555913	0.5209058438028612	-0.33458863979294207	0.5674107585634508	0.4770716059775583	-0.23776635243779154	0.20815269152323418	0.3714516900834586	-0.21888248693375376	0.38743473802294076	0.36647867163022385	-0.17278216424442486	0.19974250878606536	0.45168325588816716	-0.14826525322028578	0.479495682886669	0.42413784918330993	-0.05007839628628326	0.25076524558521474	0.5104544872329352	0.009252791559057583	0.344594071308772	0.5100477422986716	-0.00933540244365023	0.2545734487828756	0.6287360588709519	0.00325205734753538	0.33434689044952415	0.6262783266249161	0.008503178359075856	0.28485710706029643	0.29285041916938076	-0.5538733260972163	0.3033142288525902	0.2923892835776013	-0.5503654565129965
0.1832962199336008	0.5209201886540371	-0.33966609126045616	0.5656721052669348	0.47854007567678214	-0.24250860086509177	0.208251198132833	0.37146532961300466	-0.232739044796853	0.38765337637492614	0.36663595977283686	-0.18723408948807502	0.1998128713596436	0.4517308714843935	-0.1583982273226694	0.4785195007210689	0.4249916176001234	-0.06210566879737949	0.25080183006468293	0.5104685851505828	0.008798073489396352	0.3446491800603415	0.5100635545594355	-0.008904329456743746	0.25455339181990866	0.6287649131956559	0.00476425324588837	0.33437661046073575	0.6262929922058473	0.01044891402679718	0.2848539238884338	0.29285849417958965	-0.568669248194922	0.303315036353611	0.2923952596528192	-0.5654175167992006
0.18330488602320366	0.520934899648031	-0.3446320692698164	0.5639633422806154	0.47986461435045547	-0.24916349848111488	0.2083449626252766	0.3715160006568548	-0.24452691489741935	0.3878164376531331	0.3667939376263394	-0.2003664998781115	0.19983356623422546	0.45181815964835065	-0.16598911299591984	0.47782467660449834	0.4258918790590198	-0.07284542687592058	0.25084248752821076	0.5104705379122783	0.008507539385131432	0.34467683519635905	0.5100668441681638	-0.008634034810321678	0.2545299274580821	0.6287796014831184	0.006348705950326158	0.3343918422857923	0.6262920896212265	0.011123936224196647	0.28485815581821283	0.29288965037890863	-0.5838971421832135	0.303328457332793	0.2924262356190457	-0.5807408633686251
0.1833164344231289	0.520944476127625	-0.3490295012791954	0.5613651900064381	0.48104549021947984	-0.25641294249466506	0.2084209046193533	0.3715806816305436	-0.2522908924590975	0.3879258433977766	0.36694662343888085	-0.20926818819273102	0.1998472412427268	0.45190421598298247	-0.17065694218590158	0.4771916185106554	0.4268938373951688	-0.08012662952144947	0.25087801615397154	0.5104561930611023	0.008333849898051655	0.34468323134240675	0.5100607758476625	-0.008475341967173991	0.2544870192096349	0.6287922348294943	0.007622178266977986	0.33439254051163103	0.6262863164856325	0.011094818512598682	0.284881780544917	0.292942829075314	-0.5953844984372461	0.3033624078546254	0.2924825478167763	-0.5922641867683052
0.18332872007574366	0.5209521339053202	-0.3511992139475689	0.5580820923759828	0.48185770710309384	-0.26188348020826085	0.2084726691246034	0.37165225971312776	-0.25411618891216475	0.38799751656396075	0.3670863863967716	-0.21223760218847382	0.1998583298353923	0.4519748858043129	-0.1715913493008842	0.4759019897097636	0.42794369941666044	-0.0831939013940948	0.250914548124586	0.5104273955027266	0.008293703908012033	0.34468637761615595	0.5100443249657045	-0.008442339797814693	0.2544307155268535	0.6288095372063778	0.008479408010663027	0.3343932557673684	0.6262833021935967	0.010805320659918452	0.2849173162664688	0.2930080436524893	-0.598855594793956	0.3034108962331502	0.2925518893060232	-0.5958126840137304
0.18335671722888958	0.5209570413544068	-0.3511178266434445	0.5543610737437298	0.48234276544480137	-0.26311915403320696	0.20849655781473447	0.37171203465688823	-0.25109091897805547	0.388027172713053	0.3672403806731817	-0.20969380438327806	0.19987122856435335	0.4520171525932497	-0.16994551746618192	0.47410253541810204	0.42886350552241037	-0.08199316511551545	0.2509527802467348	0.5103969545591449	0.008287973081072177	0.34470220832597664	0.5100311778840568	-0.008438626437314925	0.2543649957293558	0.6288474429221385	0.00895848679578021	0.33439226519493853	0.6262791355450952	0.010568453043344483	0.28495444570268924	0.2930676823570617	-0.5954950281551911	0.3034630630697525	0.2926143265905836	-0.5924345992860345
0.18339232319877274	0.5209577736400426	-0.35127231052943664	0.5509373488880344	0.48283616276014457	-0.26390105769747796	0.2085199845688685	0.37176016540754436	-0.2490625814312982	0.3880707309359599	0.36740028716269024	-0.20737194731121986	0.1998844111249562	0.4520367582639062	-0.1694500566948029	0.47189340988795	0.4296381544499174	-0.0808674987582934	0.2509743613856181	0.5103689999807453	0.008250448631034017	0.34468480944633506	0.5100243432181226	-0.00840256780031182	0.2542983847005028	0.6288997076806573	0.009020365575062384	0.33438949925558936	0.626275105135782	0.010290594239320081	0.2849871274970829	0.29311070697648206	-0.5930889759744922	0.3035104274749758	0.2926581033638548	-0.589742759863536
0.18343476809206477	0.5209530790646875	-0.35006468210901553	0.5478673350243346	0.4834402189368297	-0.2625555438654765	0.2085491979405995	0.3717939938817708	-0.24412925186611376	0.3881466530618216	0.3675675463108792	-0.202034360596112	0.1998975106648038	0.45203743804068824	-0.1670540748607546	0.4693251734688172	0.43031370072137776	-0.07801420631862828	0.2509595084758034	0.5103536077908111	0.008188091528912391	0.34461877175739863	0.510042162168594	-0.00833915830368088	0.2542554140090944	0.6289740204811101	0.008078562029238264	0.3343845123336431	0.6262723803520207	0.009585388270871987	0.2849998701186409	0.29312553859892365	-0.5862106368655254	0.3035348256429039	0.2926712220623382	-0.5827582648822244
0.18347409793308816	0.5209449047134039	-0.3493142511163442	0.5454694997696654	0.4847544900008614	-0.2609648179440273	0.20858556954633636	0.37182877461115543	-0.24105784296989458	0.3882290550640654	0.36774757930210683	-0.19844094273589918	0.19991007731074395	0.452039331197739	-0.16553895317372835	0.46689906716346774	0.43110865212622174	-0.07600925543478562	0.2509400064036962	0.5103578908102857	0.008043968429168071	0.34451900351615206	0.5100872034118293	-0.008193983452483308	0.2542301260289693	0.6290640887759985	0.006806576901692014	0.3343795892738163	0.6262836853663132	0.00887788515094491	0.28500188106582297	0.2931336476689296	-0.5812225710778013	0.30354888808159625	0.2926779957044694	-0.5778480711437411
0.18350180415880124	0.5209300092288429	-0.3474064483529048	0.5432245873269584	0.48623705052194177	-0.2595819589637577	0.2086164404948554	0.3718503954864686	-0.23768152012711496	0.38832224124953896	0.3679445371741343	-0.195112256776719	0.19991499043646327	0.4520211673918228	-0.162861785718373	0.46481364113943946	0.4317789191291449	-0.07452761878569926	0.25090091569083095	0.5103776880673003	0.00785990917522993	0.3443961157685237	0.5101480881373092	-0.008008512025255538	0.2542143279597875	0.6291468540827438	0.005081031615624119	0.3343734968276253	0.6262925494284861	0.007922336060021611	0.28500533387774535	0.29313975146838617	-0.575499344439734	0.3035594026247662	0.2926837830316455	-0.5723879621142437
0.18351851616586973	0.5209111344246641	-0.3449991686003551	0.5411650765509837	0.4877362492538638	-0.25846208135286985	0.20864345771925805	0.37186374550774015	-0.2346143864450002	0.3884548729374298	0.3681461101486572	-0.19260148916925718	0.19991617543356774	0.45199415513447383	-0.15964377281211684	0.46304064847174176	0.4325956049419588	-0.0734362016831126	0.25084811449050926	0.510401995409103	0.007679529798527564	0.3442955527986802	0.5102021750949681	-0.007826803983854401	0.25420799425670093	0.6292003109341581	0.003472428452888772	0.33436707087925527	0.6262783436548147	0.0069764750078320555	0.2850178636255721	0.29314484766551446	-0.5705564163980035	0.30357565908204964	0.29269040482384834	-0.5679204009828117
0.18353362523374117	0.5208981122289389	-0.34375172569638235	0.5391236912636533	0.48925715542974957	-0.25854193596612857	0.20867115330128458	0.37186779294695194	-0.23521897338685552	0.38860741967246676	0.36832750411260723	-0.19400067201682514	0.19991582986854387	0.4519742187999547	-0.15918955206871044	0.4618883686406275	0.4335125613780252	-0.074927497122969	0.25077754542941155	0.5104091394515269	0.007500285083161938	0.34420703280539766	0.5102430326598035	-0.007649077900818422	0.2542005394186294	0.6292357473146353	0.0025947514195216927	0.33434998989105247	0.6262379544121883	0.006322222783984177	0.28500834958893934	0.293152200324195	-0.5704920547349116	0.303572319802784	0.2926987920488632	-0.5684150060017907
0.1835434443893888	0.5208833927199957	-0.34264363703273615	0.5368546361014961	0.49078191603933097	-0.2585594469592687	0.2087167721419109	0.371871188992546	-0.23830671466532224	0.38876052413667983	0.3685013751188917	-0.19806045932429192	0.19991746119090503	0.45194954957280875	-0.16065406444526867	0.4605189278012234	0.4343666462671192	-0.07812223015796577	0.25066121986934137	0.5103888767106196	0.007351023011973931	0.3440136029606776	0.5102604627609257	-0.007503319376458729	0.25419670059567423	0.6292310896373935	0.0014959404389152226	0.3343048564025336	0.6261635110491803	0.00456955258379735	0.28496419673874285	0.2931575207483203	-0.5738237216359097	0.3035405405930113	0.2927061702523915	-0.572031900996254
0.18355199056012303	0.5208666494914468	-0.34079917839595275	0.5335647577331184	0.4921068790413088	-0.25753048771903647	0.20876436077413119	0.3718672721158893	-0.23903843121869242	0.3888776075272336	0.36864462636766004	-0.1997878899176917	0.19992374309471692	0.45192002256711356	-0.16103751815500725	0.45839598774910006	0.43511647553671007	-0.07987696500051594	0.25051681200663267	0.5103325531596232	0.007260825351944996	0.34374472924641225	0.510255058606466	-0.007415945841265582	0.25419597256751303	0.6292199009940742	-0.00032357914495237546	0.33423906848544194	0.6260760256222321	0.001933166125257102	0.2848862608273826	0.29315928334281577	-0.5740139456022357	0.3034735407148091	0.2927095180466064	-0.5725821455319726
0.1835539582229797	0.5208543311981932	-0.3398084810801917	0.5295722740037104	0.49364677213487207	-0.2563960211617608	0.2088076280696053	0.37186520724069533	-0.24147598871162976	0.38892298085348975	0.36873333936645897	-0.20270784837859032	0.19993231339114068	0.4519071905385883	-0.1629905267840341	0.45579099513235577	0.43568019214130616	-0.08224653700987504	0.2503989253725326	0.5102649473008659	0.007179730993119029	0.3434926853293467	0.5102369785308842	-0.007337700642113179	0.2542029775324324	0.629198238963173	-0.002044146287343688	0.3341815258775441	0.6260097764787225	-0.0008323405137551689	0.284792611996333	0.2931566990557173	-0.5757795118150261	0.30338401737667287	0.2927073524111795	-0.5745190779368087
0.183553905714126	0.5208439259302052	-0.33948241103263155	0.5253481808162874	0.49535671727997954	-0.25629913948831123	0.2088338434696199	0.3718700267019729	-0.24421093009767095	0.38891513716606896	0.3688183341707505	-0.20556437898249869	0.1999383370081585	0.4519056592668809	-0.1652590029296422	0.45314777890841196	0.4358661600521636	-0.08508058814775382	0.2502979735533398	0.5102071960767114	0.0071363303411219855	0.3432724617776419	0.5102141357603531	-0.007295069085167992	0.2542092885289875	0.6291655671028868	-0.0035653390250878344	0.33414182918412366	0.6259512532325022	-0.0035587830712930104	0.2847036974770684	0.29314710270790845	-0.5780292465573269	0.30328492749305025	0.2926937213965827	-0.5766815713473732
0.1835584172180722	0.520837851933071	-0.3379166395891283	0.5211753901981175	0.4970035680702758	-0.2581430020786469	0.20884538477375408	0.37187950100217576	-0.24714156914325006	0.38891084705080337	0.36889494316918536	-0.20970396981352868	0.19992875201361535	0.45191271390233756	-0.16611689542021082	0.4508051560038615	0.43601012088003643	-0.08890439321597424	0.2502345414388749	0.5101782480875655	0.007132833136156916	0.3431600062620075	0.5101972449393504	-0.0072918656016034795	0.2542160692669098	0.6291391196705051	-0.004201238758728976	0.3341365414006372	0.625914803573064	-0.005318862641052835	0.28462157788730824	0.29313557346661906	-0.5824577865146459	0.3031934499740603	0.29267606848762173	-0.580894407771883
0.18357119389942728	0.5208396883237933	-0.33386930397578674	0.5172809589476817	0.4984048675923124	-0.25879511946723593	0.20884371158622575	0.3718918590318592	-0.24746437441735059	0.3889103985968093	0.3689531258174354	-0.2121536682049435	0.19991591147014087	0.4519235945883255	-0.16384952125095198	0.4489434404032574	0.43614337132090647	-0.09104475059679583	0.2501934270064038	0.5101704313641506	0.0071702335428978775	0.343127413874581	0.5101921246165324	-0.007329805199766448	0.25421496658098147	0.6291241503897171	-0.004049477766134912	0.33415210530871464	0.6259132992653624	-0.005905461309122902	0.28454086042585847	0.2931275552227386	-0.5854072457268129	0.3031097366696315	0.29266123118854726	-0.5835867382231217
0.18358902278400616	0.5208403241066709	-0.32425020422254314	0.513652880986532	0.49931981733867137	-0.25523990534600777	0.20883127408368263	0.3719012496017277	-0.24062233737536856	0.38890880913961523	0.3690065386749452	-0.2086493550311953	0.19989051492441284	0.4519196223644987	-0.15516263175578354	0.4470825493335727	0.43620807216281016	-0.08848519410405847	0.250137820130303	0.5101869986170817	0.0072934425524657735	0.34308398905254567	0.510208714575995	-0.007451846064733612	0.2542059350581398	0.6291207898230784	-0.004348222587612416	0.3341616150878727	0.6259382878031055	-0.006930750683836999	0.28446028062275497	0.2931230678444819	-0.5804703973588494	0.30303302265348914	0.29265214999516825	-0.5784729123115544
0.18355759126799462	0.5208323484375368	-0.3094325888724556	0.5102524189721974	0.49967663061051176	-0.2470285566080186	0.20880032011440838	0.371903900589262	-0.22646444255397452	0.38890922921044513	0.3690432210763298	-0.19765866654259834	0.19985276815437147	0.45190541375251075	-0.14092044390383232	0.4453367789586388	0.43635158027921433	-0.0797000263063681	0.25010899418876303	0.5101999782380607	0.007478626134494945	0.3430700131825041	0.5102282989592783	-0.007633838846924763	0.2541907968975251	0.629115862505777	-0.005662957649855391	0.3341720515773412	0.6259723788216005	-0.00875137415936306	0.284389940046129	0.29312323246683414	-0.566623551504953	0.3029615240437646	0.2926522394021354	-0.5645589743341722
0.18350069863455648	0.5208366257803785	-0.2949289523419882	0.5074797215915865	0.49972052517391424	-0.23778902419975842	0.20874765302453735	0.3719042936960859	-0.2119756915739606	0.3889122278917406	0.36911080706687227	-0.18536090992745913	0.1998041676623482	0.4518994958627795	-0.12683868692034775	0.4438464485463645	0.43673633819534696	-0.06976384669542318	0.2500456039394653	0.5102592309316003	0.007675056744899074	0.3430806185517995	0.5102711263157076	-0.007825542241334922	0.2541815695308505	0.6291466128258483	-0.0073706978222444	0.33418877777599176	0.6260038216908778	-0.010857226282712967	0.28434228329431466	0.29312588061605205	-0.5515260781560629	0.3029074938524339	0.2926563521226249	-0.5494082201094859
0.18342199779692164	0.5208858904384435	-0.2867907455989295	0.5057414032164078	0.5000343961375104	-0.23163757721583067	0.20867259658518306	0.371906182595662	-0.20360406452701219	0.3889190270787196	0.36923523885863196	-0.17709239749681394	0.19974869205838175	0.45192430132911354	-0.11921032092400967	0.44287716348965994	0.4372710841042658	-0.06304623097890905	0.24992218755540413	0.5103827544621062	0.007810518633396858	0.3430646189621519	0.5103716992196586	-0.007956524978258786	0.25416794845036117	0.6292232133093338	-0.008888929084475559	0.3342126522745407	0.6260326958837967	-0.01262695306823368	0.28432312182017755	0.2931298641931445	-0.5422381787073048	0.30288168078377153	0.2926600362573353	-0.5400979433740892
0.18329797259398883	0.5210059086481734	-0.28501490609986463	0.5048638042949498	0.5002425100122183	-0.23007325615201696	0.208579875174023	0.37190785862150677	-0.2014740095252084	0.38892780031476726	0.3693695877279557	-0.17513461340041403	0.19963162924562194	0.45197765316282035	-0.11759350626241602	0.4424363970756534	0.4377620234375912	-0.061709544133572394	0.2497600735653016	0.5105568397612802	0.007858635325516979	0.3430410850615731	0.5105449841136027	-0.008002769468086111	0.25414861951555545	0.6293583483923053	-0.009566937484556727	0.33424131359372844	0.6260665144239157	-0.012925535440444957	0.2843118551231568	0.29314548486755027	-0.539754410584768	0.30287947399275666	0.29267483949661277	-0.5376957484654021
0.1831625316824233	0.5211753816831683	-0.28715995521772497	0.504747013250987	0.5003610622315183	-0.23304054141044633	0.20847604033492878	0.3719102924778351	-0.20369800499507373	0.38893676087969853	0.36948093488102896	-0.1771354980411985	0.19948491454124465	0.4520427584648136	-0.11930330346028017	0.4423715599945617	0.43809996474356916	-0.0635956740450292	0.24956646987370099	0.5107385970297318	0.007850802193085359	0.34301099748838537	0.5107401722953437	-0.007994645629965129	0.2541184411162424	0.629510913576399	-0.0094903258252002	0.3342662567184087	0.6261103891191033	-0.011999412794553108	0.28432496530669094	0.29317200893447537	-0.5428191934313097	0.30291990864844576	0.2926995044662841	-0.5406965244384043
0.18306268183957974	0.5213463703791303	-0.2920289720807759	0.5049057659648717	0.5003145251955309	-0.24057809795652135	0.20837847036974788	0.37190897549901714	-0.20872684461729885	0.38891176098868985	0.3695489012059714	-0.18174558665071228	0.19932163400309438	0.45209858814875314	-0.12333610086213984	0.44242065719195806	0.43817810217539505	-0.06819648934262144	0.24932845504510986	0.510884401344118	0.007853916447077485	0.3429117458207269	0.510935431434995	-0.007998083052890646	0.2540849177610308	0.6296373548961826	-0.008867332645292799	0.3342821754160384	0.6261509259541833	-0.010566665103570343	0.2843542382830667	0.2932039499282839	-0.5489578502518794	0.302992512782415	0.29273093314397924	-0.5467236921900799
0.18290245391073695	0.5214668654260185	-0.3017747998237612	0.5054087780770805	0.5002834144092745	-0.24864269438244063	0.20829296041102652	0.37190322223163813	-0.2174800378935679	0.3888611311004278	0.3695641117436548	-0.1880755708331155	0.19910223569188812	0.45212825848942745	-0.13234151012840734	0.4426019816171558	0.4381234007222315	-0.07369285076856619	0.24906080535479974	0.5109798567635677	0.007787344445075313	0.34269785455295043	0.5110942920049035	-0.007934740434090303	0.2540570781344461	0.6296990088054116	-0.0075746169092045	0.3342661062876386	0.6261812136286786	-0.007715624213839577	0.2843886372588932	0.2932265230587553	-0.5574309740747729	0.30306711792945884	0.2927557627360028	-0.5550632420040317
0.18273944017432997	0.5215245683987939	-0.3152263959248863	0.5065124233563745	0.5003414437884379	-0.25721978076866714	0.20823073812893472	0.3718966472716561	-0.23061939932051176	0.3887790484087811	0.3695629082974936	-0.1976657743964878	0.19887958325090876	0.45213085554894983	-0.14518882830937713	0.4428410444940843	0.43807922942297833	-0.08088217817601709	0.24870025260107875	0.5110438579604744	0.007701978752655648	0.3423709358487813	0.5111883140745621	-0.007856207744528856	0.25404121052651196	0.6297540068626408	-0.005058585776991791	0.33421663727079143	0.6262200446355914	-0.003625776906985615	0.2844024101893109	0.2932274767330717	-0.5704705913861596	0.3031181976908731	0.29276117824372816	-0.5679791796775095
0.1825877960239139	0.5215594896248411	-0.32676885383469734	0.508992352655956	0.500149379883494	-0.26246965037924913	0.2081399889928955	0.37188842041151887	-0.24032819164650798	0.38870098548276116	0.3695697677986965	-0.20431259380919603	0.19864864753825331	0.45211304724216483	-0.15563278645277026	0.4434932321310045	0.4379564651421141	-0.08559115656784604	0.2483344663466727	0.5111056736537392	0.00751023553311825	0.3420708626508714	0.5112698546477729	-0.007672098032864083	0.2540286715541568	0.6298114529677802	-0.0026967048844588684	0.3341675358159203	0.6262712052890236	0.00025930202433040693	0.2843906411102841	0.2932163391794477	-0.5796737798622679	0.3031384710754667	0.2927553185394832	-0.5771095326968602
0.18243548593350833	0.5215584806033547	-0.33920955870832736	0.512486530201776	0.49984440420355153	-0.2659878666911808	0.208041124045849	0.3718784834657399	-0.2500001383679256	0.38861231505870847	0.3695731801646099	-0.21055159185613914	0.19840612688234888	0.452073904020446	-0.16668243653007922	0.444410596575056	0.43777727016380885	-0.0895358297441687	0.2479314985019821	0.5111544132232668	0.007241727052522559	0.34173543964113523	0.5113243886402677	-0.007413197242255728	0.2540220277650017	0.6298634367329737	7.090398243495e-05	0.3341048338583539	0.6263336879866468	0.004636543486932555	0.28435840138367263	0.2931903196232659	-0.5884581804275515	0.3031344647918429	0.29273605133805963	-0.5858546069690159
0.1822825099031132	0.5215215413343344	-0.3525485105457763	0.5169949559938345	0.49942651674861044	-0.2677744297044619	0.20793414328779516	0.3718668364343191	-0.25963523948476463	0.3885130371366231	0.36957314539523367	-0.21638276853731708	0.1981520212831953	0.4520134258837931	-0.17833777854130387	0.4455931378262385	0.43754164448806254	-0.09271619770498504	0.24749134906700687	0.5111900766690574	0.006896453310868572	0.34136466681957256	0.5113519160520464	-0.007079505372703793	0.2540212791590466	0.6299099581582212	0.003244240823689671	0.33402853139809213	0.6264074927284607	0.009505947480820827	0.28430569100947634	0.2931494180645261	-0.5968237930820104	0.3031061788400015	0.2927033766394571	-0.5942144024939765
